<?xml version="1.0" encoding="UTF-8" standalone="no"?>
<document>
  <export>
    <format-version>1.3</format-version>
    <title><![CDATA[NASCAR-PB]]></title>
    <author/>
    <notes><![CDATA[NASCAR-Racing]]></notes>
    <creationdatetime><![CDATA[12/05/2018 22:37:20]]></creationdatetime>
    <generator-title><![CDATA[DOSBox Game Launcher]]></generator-title>
    <generator-version>0.82</generator-version>
    <captures-available>true</captures-available>
    <keymapperfiles-available>false</keymapperfiles-available>
    <nativecommands-available>false</nativecommands-available>
    <gamedata-available>false</gamedata-available>
    <custom1><![CDATA[Custom1]]></custom1>
    <custom2><![CDATA[Custom2]]></custom2>
    <custom3><![CDATA[Custom3]]></custom3>
    <custom4><![CDATA[Custom4]]></custom4>
    <custom5><![CDATA[Custom5]]></custom5>
    <custom6><![CDATA[Custom6]]></custom6>
    <custom7><![CDATA[Custom7]]></custom7>
    <custom8><![CDATA[Custom8]]></custom8>
    <custom9><![CDATA[Custom9]]></custom9>
    <custom10><![CDATA[Custom10]]></custom10>
    <custom11><![CDATA[Custom11]]></custom11>
    <custom12><![CDATA[Custom12]]></custom12>
    <custom13><![CDATA[Custom13]]></custom13>
    <custom14><![CDATA[Custom14]]></custom14>
  </export>
  <profile>
    <title><![CDATA[NASCAR-Racing]]></title>
    <id>0</id>
    <captures>
      <raw>captures/0</raw>
    </captures>
    <config-file>
      <raw>profiles/4.conf</raw>
    </config-file>
    <game-dir>
      <raw>NASCAR-Racing_DOS_EN</raw>
    </game-dir>
    <setup/>
    <altexe1/>
    <altexe2/>
    <setup-parameters/>
    <altexe1-parameters/>
    <altexe2-parameters/>
    <meta-info>
      <developer/>
      <publisher/>
      <year/>
      <genre/>
      <status/>
      <favorite>false</favorite>
      <notes/>
      <custom1/>
      <custom2/>
      <custom3/>
      <custom4/>
      <custom5/>
      <custom6/>
      <custom7/>
      <custom8/>
      <custom9>0</custom9>
      <custom10>0</custom10>
      <custom11/>
      <custom12/>
      <custom13/>
      <custom14/>
      <link1>
        <raw/>
        <title/>
      </link1>
      <link2>
        <raw/>
        <title/>
      </link2>
      <link3>
        <raw/>
        <title/>
      </link3>
      <link4>
        <raw/>
        <title/>
      </link4>
      <link5>
        <raw/>
        <title/>
      </link5>
      <link6>
        <raw/>
        <title/>
      </link6>
      <link7>
        <raw/>
        <title/>
      </link7>
      <link8>
        <raw/>
        <title/>
      </link8>
    </meta-info>
    <full-configuration><![CDATA[[sdl]
fullscreen=false
fulldouble=false
fullresolution=original
windowresolution=original
output=surface
autolock=true
sensitivity=100
waitonerror=true
priority=higher,normal
mapperfile=mapper.txt
usescancodes=true

[dosbox]
language=
machine=svga_et4000
captures=../captures/4
memsize=16

[render]
frameskip=0
aspect=false
scaler=normal2x

[cpu]
core=auto
cputype=auto
cycles=auto
cycleup=500
cycledown=20

[mixer]
nosound=false
rate=22050
blocksize=2048
prebuffer=10

[midi]
mpu401=intelligent
mididevice=default
midiconfig=

[sblaster]
sbtype=sb16
sbbase=220
irq=7
dma=1
hdma=5
sbmixer=true
oplmode=auto
oplemu=default
oplrate=22050

[gus]
gus=false
gusrate=22050
gusbase=240
gusirq=5
gusdma=3
ultradir=C:\ULTRASND

[speaker]
pcspeaker=true
pcrate=22050
tandy=auto
tandyrate=22050
disney=true

[joystick]
joysticktype=auto
timed=true
autofire=false
swap34=false
buttonwrap=true

[serial]
serial1=dummy
serial2=dummy
serial3=disabled
serial4=disabled

[dos]
xms=true
ems=true
umb=true
keyboardlayout=auto

[ipx]
ipx=false

[autoexec]
mount C "TMP_INST"
mount D "NASCAR-Racing_DOS_EN"
D:
cd \
nsc.exe
exit
]]></full-configuration>
    <incremental-configuration><![CDATA[[dosbox]
machine=svga_et4000
captures=../captures/4

[autoexec]
mount C "TMP_INST"
mount D "NASCAR-Racing_DOS_EN"
D:
cd \
nsc.exe
exit
]]></incremental-configuration>
    <dosbox>
      <title><![CDATA[DOSBox 0.74]]></title>
      <version>0.74</version>
    </dosbox>
  </profile>
</document>
